<?xml version="1.0" encoding="UTF-8"?>
<beans xmlns="http://www.springframework.org/schema/beans"
    xmlns:xsi="http://www.w3.org/2001/XMLSchema-instance"
    xsi:schemaLocation="http://www.springframework.org/schema/beans https://www.springframework.org/schema/beans/spring-beans.xsd">

    <!-- Contexto Raíz: Define recursos compartidos a todos los componentes Web -->

	<bean id="ds"
		class="org.springframework.jdbc.datasource.DriverManagerDataSource">
		<property name="driverClassName" value="com.mysql.cj.jdbc.Driver"></property>
		<property name="url" value="jdbc:mysql://localhost:3306/prevencion_riesgos"></property>
		<property name="username" value="root"></property>
		<property name="password" value=""></property>
	</bean>
	
	<bean id="jt" class="org.springframework.jdbc.core.JdbcTemplate">
		<property name="dataSource" ref="ds"></property>
	</bean>
	
	<bean id="CapDAO" class="FullStackJava.Modulo6_KRodriguez.Modelo.DAO.CapacitacionDAO">
		<property name="template" ref="jt"></property>
	</bean>

	<bean id="UsDAO" class="FullStackJava.Modulo6_KRodriguez.Modelo.DAO.UsuarioDAO">
		<property name="template" ref="jt"></property>
	</bean>	

	<bean id="ClienteDAO" class="FullStackJava.Modulo6_KRodriguez.Modelo.DAO.ClienteDAO">
		<property name="template" ref="jt"></property>
	</bean>	
	
	<bean id="AdminDAO" class="FullStackJava.Modulo6_KRodriguez.Modelo.DAO.AdministrativoDAO">
		<property name="template" ref="jt"></property>
	</bean>	
	
	<bean id="ProfDAO" class="FullStackJava.Modulo6_KRodriguez.Modelo.DAO.ProfesionalDAO">
		<property name="template" ref="jt"></property>
	</bean>	
	
	<bean id="VisitaDAO" class="FullStackJava.Modulo6_KRodriguez.Modelo.DAO.VisitaDAO">
		<property name="template" ref="jt"></property>
	</bean>	

	<bean id="PagoDAO" class="FullStackJava.Modulo6_KRodriguez.Modelo.DAO.PagoDAO">
		<property name="template" ref="jt"></property>
	</bean>	

	<bean id="ChequeoDAO" class="FullStackJava.Modulo6_KRodriguez.Modelo.DAO.ChequeoDAO">
		<property name="template" ref="jt"></property>		
	</bean>	
</beans>
